,словесное_описание_модели,беспредложное,предложное,слова
0," 
в ком", , , ходить
1, из кого-чего, , , состоять
2, из памяти, , , изгладиться
3, из-за чего, , , спорить
4, из, , , увертюра
5, к кому-л., , , приверженный
6, к чему-л., , , приверженный
7, к, , , увертюра
8, касательно чего, gen, , разговаривать
9, кого (вин. пад.), acc, , бояться
10, кого (род. пад.), gen, , бояться
11, кого до чего, acc, , довезти
12, кого к кому-чему, gen, , антипатия
13, кого к кому, , , приворожить
14, кого от кого-чего, acc, , изолировать
15," кого-, что-л. куда", acc, , выгрузить
16," кого-, что-л. где", ac, , сажать
17," кого-, что-л. кому", acc, , предать
18," кого-, что-л. куда", acc, , сажать
19," кого-, что-л. чему", acc, , предать
20, кого-кого, acc, , у
21, кого-л. от чего, acc, , предостеречь
22, кого-л. против чего, acc, , предостеречь
23, кого-л. чем, acc ins, , упрекать
24, кого-чего в кого-что, acc, , превращение
25, кого-чего с кем-чем, acc, , взаимодействие
26, кого-что до чего, acc, , довести
27, кого-что за кем-чем, ac, , закрепить
28, кого-что куда, acc, , вселить
29, кого-что на что, acc, , вдохновить
30, кого-что от чего, acc, , предохранить
31, кого-что по чему, acc, , превосходить
32, кого-что с чего, acc, , своротить
33, кому в чем, dat, , отказать
34, кому к чему, acc, , присчитать
35, кому кого-что, dat ac, , поручить
36, кому что во что, dat acc, , вменить
37, кому-чему что, dat acc, , преградить
38, на (постели), , , лежать
39, на кого-л. по чему, , , походить
40, на кого-л. чем, ins, , походить
41, на ком-чем, , , отозваться
42, около кого-чего, , , увиваться
43, откуда, , , стартовать
44, относительно чего, , , разговаривать
45, подле кого-чего, , , увиваться
46, при ком-чем, , , трепетать
47, против кого-что, , , атака
48, с кем из-за чего, , , препираться
49, чего во что, gen, , претворение
50, чего на что, gen, , реакция
51, чего-л. от кого, gen, , добиваться
52, чего-л. у кого, gen, , добиваться
53, чем за что, ins, , платить
54, чем на кого-что, ins, , похожий
55, чем по чему, ins, , водить
56, чем с кем, ins, , обменяться
57, что во что-кого, acc, , запустить
58, что и что, acc, , сравнить
59, что из чего, acc, , извлечь
60, что кем, acc ins, , заселить
61, что на кого, acc, , взвести
62, что на ком, acc, , выместить
63, что у кого, acc, , конфисковать
64, что чему, acc dat, , предпослать
65, что-л. во что, acc, , красить
66, что-л. подо что, acc, , приспособить
67, что-л. с чем, acc, , мыть
68, что-л. чему, acc, , посвятить
69,"во что к кому, , , заглянуть, залезть
70, во что кому, , ," заглянуть, залезть"
71, за чем, , ," контроль, проследить"
72, кого с кем, gen, ," матч, недоразумение"
73, кого чего, gen, ," народить, стеречься"
74, кого чему, acc dat, ," обучить, учить"
75, кого-л. за что, acc, ," винить, упрекать"
76, кого-л. на что, acc, ," приговорить, уполномочить"
77, кого-л. о чем, acc, ," подозревать, предуведомить"
78, кого-что к кому-чему, acc, ," привязать, причислить"
79, кого-что с кем-чем, acc, ," сравнить, уравнять"
80, между кем-чем, , ," взаимодействие, между"
81, на что к кому, , ," броситься, кинуться"
82, подо что, , ," идти2, подладиться"
83, про что, , ," разговаривать, рассказать"
84, что кому, acc dat, ," предоставить, создать"
85, что куда, acc, ," забросить, закинуть"
86, что на кого-что, cc, ," взвалить, призвать"
87, что на чем, acc, ," акцентировать, базировать"
88, что-л. для кого, acc, ," открыть, предназначить"
89, что-л. для чего, acc, ," приспособить, употребить"
90, что-л. из чего, acc, ," изъять, поливать"
91, что-л. к чему, acc, ," приспособить, устремить"
92, что-л. на чем, acc, ," повесить, уставить"
93, что-л. с кого, acc, ," брать, получить"
94,"
 

вокруг чего", , ," обежать, обойти, объехать"
95, до кого-чего, , ," допускать, относиться, снизойти"
96, за кем, , ," вдогонку, записать"
97, из-за кого-чего, , ," переживать, страдать, убиваться"
98, из себя, , ," видный, изображать, собой"
99, из чего, , ," глава, исходить, фрагмент"
100, кого кем, acc ins, ," величать, гримировать, провозглашать"
101, кого о чем, acc, ," информировать, оповестить, осведомить"
102, кого от чего, acc, ," гарантировать, отвадить, страховать"
103," кого-, что-л. где", acc, ," опустить, положить, посадить"
104," кого-, что-л. куда", acc, ," опустить, положить, посадить"
105, кого-л. к чему, acc, ," представить, приговорить, уполномочить"
106, кого-что в чем, acc, ," ограничить, превосходить, уравнять"
107, кому-чему в чем, dat, ," подражать, соболезновать, уподобиться"
108, на что кому, dat, ," броситься, кинуться, упасть"
109, про кого-что, , ," история, писать, упомянуть"
110, собой, , ," видный, изображать, собой"
111, среди кого, gen, ," болезни, пользоваться, случаться"
112, что в кого-что, acc, ," вдохнуть, вколотить, вонзить"
113, что-л. к кому, acc, ," подбросить 1, предъявить, снести"
114, что-л. чем, acc ins, ," красить, мыть, поливать"
115,"
 
кого за что", acc, ," вознаградить, извинить, премировать, простить"
116, кого к чему, acc, ," приобщить, приохотить, присудить, приучить"
117, кого на что, acc, ," вербовать, взвести, воодушевить, провоцировать"
118, кого-л. в чем, acc, ," винить, подозревать, уверить, упрекать"
119, кого-л. где, acc, ," высадить 1, заточить, поселить, усадить"
120, кого-л. куда, acc, ," высадить 1, заточить, поселить, усадить"
121, кого-что кому-чему, acc, ," вверить, подчинить, предпочесть, препоручить"
122, кому чем, dat ins, ," грозить, докучать, досадить, обязан"
123, против кого, , ," играть, интриговать, подозрение, репрессии"
124, с чего, , ," идти 4, копия, лопнуть, начать"
125, что-л. на что, acc, ," повесить, употребить, уставить, устремить"
126, что с чем, acc, ," ассоциировать, равнять, сверить, сообразовать"
127,"в кого-что", , ," вперить, извериться, напроситься, нацелиться, перекрестить"
128, кого в чем, acc, ," заподозрить, изобличить, разубедить, разуверить, убеждать"
129, кого-что кем-чем, acc ins, ," заменить, именовать, ограничить, окрестить, окружить"
130, над кем, , ," мудрить, насильничать, процесс, расправа, скорбеть"
131, обо что, , ," облокотиться, опереться, стучаться, удариться, упереться"
132, о ком, , ," замолвить слово, некролог, панихида, скорбеть, хлопотать 2"
133, перед чем, , ," безоружный, восхищение, незадолго, смириться, страх"
134, с кого, , ," взыскивать, взять, начинать, собирать, требовать"
135, что с чего на что, acc, ," перевернуть, перевести, передать 2, перемотать, переписать"
136,"кого во что", acc, ," вовлечь, втравить, замешать, затянуть, обрядить, путать"
137,"между чем", , ," аналогия, взаимосвязь, несоответствие, связь, соответствие, соотношение"
138,"по ком", , ," вопить, голосить, панихида, причитать, скорбеть, траур"
139,"что-л. кому", acc dat, ," открыть, подбросить 1, послать, предназначить, предъявить, снести"
140,"по отношению к кому", , ," вежливый, любезный, мягкий, покладистый, поступить,
предупредительный, тактичный"
141,"что от чего", acc, ," отграничить, отличить, отмести, отстоять 1, разграничить, различить,
страховать"
142,"в ком-чем", , ," воплотить, извериться, необходимость, обмануться, прок, разочарование, разочароваться, уверенный"
143, кого-что к чему, acc, ," подготовить, подтащить, подтянуть, привлечь, пригвоздить, прижать, приковать, прикрепить"
144, кого-что от кого-чего, acc, ," беречь, защитить, оберегать, оборонять, освободить, отделить, охранять, стеречь"
145, между кем, , ," вражда, встреча, матч, недоразумение, отношения, спор, ссора, товарообмен"
146, по кому, , ," вопить, выть, голосить, панихида, причитать, равняться, скорбеть, траур"
147, что-л. в ком, acc, ," будить, возбудить, воспитывать, вызвать, осуждать, презирать, развивать, ценить"
148, что-л. от кого, acc, ," брать, воспринять, выведать, отнять, отобрать, получить, принимать, унаследовать"
149,"от кого", , ," взыскивать, взять, допытываться, исходить, научиться, письмо, собирать,
требовать, увести"
150,"от кого-чего", , ," бегать, защита, независимый, отстать, представитель, прок, стеречься,
страдать, удалиться"
151,"что на что", acc, ," ассигновать, взгромоздить, затратить, набросить, надеть, накинуть,
облокотить, обменить, обменять"
152,"в кого", , ," выдаться, вырасти, зачислить, избрать, нанять, обернуться, переодеться, прочить,
рекомендовать, стрелять"
153,"за кого", , ," гордиться, замолвить слово, просить, рад, сватать, свататься, скорбеть, слыть,
страшиться, хлопотать2"
154,"перед кем-чем", , ," беззащитный, беспомощный, бессильный, благоговеть, капитулировать,
пасовать 1, предстать, преимущество, робеть, трепетать"
155,"до чего", , ," алчный, дожидаться, доискиваться, достать 1, жадность, жадный, незадолго,
охотник, охочий, падкий, свести"
156,"
над чем", , ," биться , властелин, возиться, доминировать, думать, задуматься, мучиться,
превалировать, преобладать, раздумывать, хлопотать 1"
157,"

кем", , ," вырасти, зачислить, избрать, коноводить, нанять, начинать, обернуться, переодеться, предводительствовать, прочить, слыть, ходить"
158, перед кем, , ," виниться, долг, заискивать, замолвить слово, лицемерить, ответственность, открыться, подотчетный, прав, пресмыкаться, хвастаться, хлопотать 2"
159, по кому-чему, , ," вздыхать, горевать, грустить, плакать, скучать, соскучиться, страдать, стрелять, тоска, тосковать, тужить, убиваться"
160, по ком-чем, , ," вздыхать, горевать, грустить, плакать, скучать, соскучиться, страдать, стрелять, тоска, тосковать, тужить, убиваться"
161, против чего, , ," акт, возразить, грешить, иммунитет, лекарство, преступление, протестовать, спорить, средство, устойчивость, устойчивый, устоять"
162, с кем-чем, , ," бороться, борьба, воевать, война, драться, конкурировать, наздравствоваться, несогласие, равный, сражаться, сродный, экспериментировать"
163,"на кого", , ," восстать, выучиться, доказать, думать, записать, лгать, налгать, охотиться,
подозрение, работать, равняться, учиться, характеристика"
164,"за кем-чем", , ," вслед, наблюдать, наблюдения, надзирать, недоглядеть, недосмотреть,
понаблюдать, последовать, приглядеть, присмотреть, следить, следовать, уследить,
усмотреть"
165,"через что", , ," перебежать, перевалить, переехать, перейти, перелететь, перемахнуть, переплыть,
переползти, перепрыгнуть, перескочить, переступить, перешагнуть, проехать, пройти"
166,"у кого", , ," взыскивать, взять, должать, допытываться, заискивать, замолвить слово,
консультироваться, научиться, пользоваться, служба, случаться, собирать, спросить,
требовать, увести, хлопотать 2"
167,"что-л. у кого", acc, ," брать, будить, возбудить, воспитывать, воспринять, выведать, вызвать,
изъять, осуждать, отнять, отобрать, получить, презирать, принимать, развивать,
унаследовать, ценить"
168,"
 
кого-что во что", acc, ," ввергнуть, ввести, ввязать, включить, вмешать, внести, вогнать, впихнуть,
впутать, втолкнуть, втянуть, завернуть, загнать, заключить, затащить, одеть, окутать"
169,"
кому что", dat acc, ,"  вернуть, возвратить, вручить, гарантировать, дарить, жаловать, извинить,
инкриминировать, обеспечить, обещать, оставить, преподать, преподнести, присудить,
простить, уготовить, уступить"
170,"
 
на чем", , ," акцент, базироваться, вешать, выписать, гравировать, дублированный, играть,
кончить, кончиться, написать, основать, основываться, помириться, разойтись, согласиться,
специализироваться, ударение, упор, упражняться"
171,"
 
над кем-чем", , ," властвовать, восторжествовать, главенствовать, глумиться, довлеть, дрожать,
иронизировать, командовать, контроль, наблюдать, наблюдения, нависнуть, насмешничать,
плакать, понаблюдать, превосходство, смеяться, тяготеть, умилиться, экспериментировать"
172,"
против кого-чего", , ," беззащитный, бороться, борьба, бунтовать, воевать, возмущение, война,
восстановить, восстать, вотировать, драться, защита, злоба, настроиться, нацелиться,
негодовать, ополчиться, предубеждение, предубежденный, сражаться"
173,"
 

за кого-что", , ," агитировать, болеть, волноваться, вотировать, голосовать, гордость, гордый,
дрожать, опасаться, ответить, отвечать, переживать, постоять, радеть, радость, страдать,
стыдиться, считать, тревожиться, трепетать, ходатайствовать"
174,"
 
за что", , ," браться, дергать, задеть, заплатить, зацепить, компенсация, корить, купить, обвинять,
озабоченность, оплата, ответственность, отметка, пенять, попрекнуть, порицать, претензия,
придерживаться, роптать, соревноваться, спорить, тянуть 1, уплатить, цена"
175,"
кем-чем", , ," верховодить, восхититься, восхищение, гордиться, гордость, гордый, командовать,
льститься, любоваться, маневрировать, наполненный, наскучить, обиженный, обильный,
озаботиться, перекрестить, полный, править, пренебречь, разочарован, руководить, скудный,
считать, умилиться"
176,"
к кому-чему", , ," апеллировать, беспощадный, близкий, внимательный, доверие, допускать,
злоба, настроиться, недоверие, непримиримость, непримиримый, нетерпимый, ожесточиться,
относиться, подладиться, подходить, прибегнуть, приверженность, принадлежать, снизойти,
снисходительный, сочувствие, требование, тяготеть"
177,"
кого-что чем", acc ins, ," забросать, забрызгать, загородить, заклеймить, закрыть, исполнить, обвязать,
обдать, обнести, обогатить, обрызгать, обставить, одеть, озарить, ознаменовать, окатить,
окутать, опоясать, опутать, оскорбить, оснастить, осыпать, превосходить, украсить"
178,"
 

к кому", , ," благоволить, благосклонный, близость, дело 1, добрый, жаловать, идти 3, ласковый,
неблагосклонный, нежный, непочтительный, отвезти, отнести, отослать, отправить, письмо,
подольститься, послание, почтительный, претензия, привезти, придраться, принести,
свататься, справедливый, строгий, упасть"
179,"
от чего", , ," абстрагироваться, атрофироваться, беречься, вблизи, воздержаться, восхищение,
гарантия, дым, зайтись, исходить, лекарство, лопнуть, недалекий, неотделимый, остатки,
отделаться, отказ, отстоять 2, процент, след, средство, страдать, увильнуть, удовольствие,
устоять, часть, шум"
180,"
 
для чего", , ," вместилище, возможность, вред, годиться, годный, готовить, импульс, использовать,
малоприспособленный, материал, мобилизация, мобилизовать, негодный, необходимый,
непригодный, непроницаемый, нужный, повод, подходящий, предпосылка, пригодиться,
пригодный, приготовить 1, рекомендовать, риск, служить, средства, стимул, условие"
181,"
 
по чему", , ," барабанить, гладить, глубокий, дело 2, идти 1, колотить, лекция, меры, молотить,
опыт, оригинальный, отметка, очерк, партнер, приметный, различаться, рекорд, сильный,
совершенствоваться, совещание, совпасть, соревноваться, состязание, специализироваться,
стучать, ударить, уполномоченный, хлестать, хлопать, хлопоты, хороший"
182,"
с кем", , ," баловаться, близость, вежливый, встреча, добрый, играть, интервью,
консультироваться, ласковый, любезный, милый, мягкий, нежный, обращаться,
обходительный, опыт, покладистый, помириться, поступить, почтительный,
предупредительный, пререкаться, приветливый, расправа, случаться, спор, справедливый,
стесняться, строгий, тактичный, учтивый"
183,"
 
кого чем", acc ins, ," возмутить, восхитить, дарить, донимать, жаловать, забавлять,
заинтересовать, заинтриговать, замещать, затмить, зачаровать, извинить, издергать,
клеймить, обворожить, обеспечить, обзавести, обидеть, обрадовать, обременить,
оглушить, огорчить, одарить, оделить, околдовать, опоить, ослепить, пленить, поносить,
соблазнить, увеселять, увлечь"
184,"
что-л. куда", acc, ," бросить, валить, вкладывать, вставить, вывесить, высадить 2, закопать,
заложить, запереть, запрятать, заронить, зарыть, класть, клеить, погрузить, подвесить,
поднять, поместить, поставить, прибить, приклеить, приколотить, прилепить, прятать,
свалить, складывать, сложить, спрятать, ставить, уложить, упрятать, установить"
185,"
 
что-л. где", acc, ," валить, вкладывать, водрузить, вставить, вывесить, высадить 2, закопать,
заложить, замуровать, запереть, запрятать, заронить, зарыть, класть, клеить, погрузить,
подвесить, поднять, поместить, поставить, прибить, приклеить, приколотить, прилепить,
прятать, свалить, складывать, сложить, спрятать, ставить, уложить, упрятать, установить"
186,"
 
на кого-что", , ," атака, воздействовать, возложить, вознегодовать, вперить, давить,
досадовать, заглядеться, засмотреться, злоба, карикатура, льститься, любоваться, мигать,
молиться, найти, намек, намекать, нарадоваться, насмотреться, негодовать, непохожий,
обида, обиженный, опереться, ополчиться, подивиться, показать, потрафить, смотреть, спрос,
угодить, удивиться, умилиться"
187,"
 
во что", , ," барабанить, верить, видеть, воплотить, вчувствоваться, закутаться, заметить,
замкнуться, играть, идти2, исчислить, исчисляться, колотить, молотить, написать, неверие,
невмешательство, облачить, облечь1, обмундировать, обрядиться, объединить, перерасти,
подключиться, претвориться, слиться, стучать, стучаться, увернуть, уверовать, ударить,
удариться, укутать, упереться, хлестать"
188,"
 
о ком-чем", , ," анекдот, аттестация, беспокоиться, болеть, вздыхать, волноваться, воспоминание,
горевать, грустить, думать, жалеть, история, напомнить, наслышанный, озаботиться,
отозваться, память, переживать, печалиться1, печалиться2, печаловаться, печься, плакать,
поминать, проведать, просить, радеть, скучать, соскучиться, тоска, тосковать, тревожиться,
тужить, убиваться, упомянуть, услышать, ходатайствовать"
189,"

для кого-чего", , ," безвредный, безопасный, бесполезный, бесцельный, благополучный,
благоприятный, выгодный, губительный, длинный, доступный, естественный, милый,
небезопасный, невыгодный, недоступный, недосягаемый, ненавистный, ненормальный,
ненужный, необходимый, необычный, непостижимый, непривычный, неприемлемый,
неприступный, непростительный, неуловимый, неуязвимый, обычный, опасный,
оскорбительный, подходить, полезный, приемлемый, равный, роковой, типичный, угроза,
удобный, характерный, чуждый"
190,"
что к чему", acc, ," подогнать, пододвинуть, приблизить, прибуксировать, привалить, привернуть,
привесить1, привинтить, привить, пригрести, придвинуть, приделать, приклонить, приколоть,
прикрутить, приладить, приложить, приляпать, приметать, приноровить, приобщить,
припаять, приплести, приравнять, прислонить, присовокупить, присоединить, приставить,
пристегнуть, пристроить, притачать, притереть, притесать, притянуть, приурочить,
прихлестнуть, прицепить, причалить, пришвартовать, пришить, пришпилить"
191,"
  
кого-чего", gen, ," атрибут, бегать, беречься, бойкот, взаимодействие, дичиться, достойный, жалко,
имя, исключая, история, касаться, комментарий, назвать2, накопать2, наловить, наморить,
наперерез, наплодить, напринимать, напустить, насадить2, насажать, насмотреться,
настрелять, недоловить, недоставать, недосчитаться, обескрылить, опасаться, ослушаться,
оценка, памятник, память, полный, представитель, ровесник, список, стесняться, сторож,
страшиться, стыдиться, требование, убегать, уполномоченный, хватиться"
192,"
 
где", , ," агрессия, аккредитовать, брести, бросить, вмещать(ся), внедрить, водворить, встать,
выборы, высадиться, выставить, грузить, залечь, заложенный, замешаться, записать, засесть,
кровоизлияние, лазить, лечь, ложиться, наклеить1, обретаться, падать, полет, ползти,
поползти, приземлиться, прикрепить, прилечь, присесть, прятаться, садиться, сесть, скрыться,
собрать2, собраться, спрятаться, стартовать, стать, углубиться, укладывать, уместиться,
упасть, усаживаться, устроиться, явиться"
193,"
  
куда", , ," агрессия, аккредитовать, баллотироваться, брести, бросить, вмещать(ся), внедрить,
водворить, встать, выборы, высадиться, выставить, грузить, деть, залечь, заложенный,
замешаться, записать, засесть, кровоизлияние, лазить, лечь, ложиться, наклеить1, падать,
пасовать2, полет, ползти, поползти, приземлиться, прикрепить, прилечь, присесть, прятаться,
садиться, сесть, скрыться, собрать2, собраться, спрятаться, стартовать, стать, углубиться,
укладывать, упасть, усаживаться, устроиться, явиться"
194,"

с чем", , ," авария, аналогичный, аналогия, афера, баловаться, биться, возиться, гармонировать,
граничить, дисгармонировать, замедлить, запутанность, знакомый, играть, катастрофа,
комбинация, контраст, контрастировать, кончить, медлить, мучиться, незнакомый,
несовместимый, несовместный, несообразность, несообразный, несоответствие,
несоразмерность, несоразмерный, обращаться, оперировать, параллельно, перебой,
перемежать, перемежаться, покончить, помириться, разобраться, смириться, согласиться,
согласно, согласный, созвучный, сообразно, соответственно, соответствие, соразмерно,
соразмерный, спорить, тождественный, упражняться"
195,"
  
что во что", acc, ," вбить, вбросить, ввалить, ввезти, ввернуть, вверстать, ввинтить, ввить, вволочь,
вдавить, вдвинуть, вделать, вдернуть, вдеть, вдолбить, вжать, вкинуть, вклинить, вколоть,
вкрутить, влепить, вмазать, вмесить, вместить, вмонтировать, вмуровать, вмять, вобрать,
воткнуть, вписать, вплести, впрыснуть, впрясть, врезать, врубить, врыть, встроить, всунуть,
втащить, втереть, втиснуть, втоптать, вшить, забить1, заболтать, закатать, запихать,
засунуть, затоптать, макать, обернуть, обмакнуть, окунуть, преобразовать, преобразить,
претворить, привнести"
196,"
 
кого", gen, ," аттестация, болезни, бунтовать, восторгать, вражда, гнушаться, дисквалифицировать,
дискриминировать, дожидаться, друг, забаллотировать, изменник, инструктировать,
интервьюировать, интриговать, консультировать, локаутировать, маять, молодить,
мурыжить, мчать, мытарить, недокармливать, недопоить, нервировать, обезволить,
обезденежить, обездолить, обезземелить, обезличить, обезнадежить, обезоружить,
обескровить, обескуражить, обеспокоить, обессилить, обесславить, обуревать, озаботить,
оскандалить, отношения, патронировать, пестовать, печалить, письмо, поджидать,
подождать, пользовать, преемник, проследить, процесс, разговорить, родня,
руководствовать, слушаться, спор, спросить, ссора, товарообмен, характеристика"
197,"
 
для кого", , ," безразличный, важно, вредный, гибельный, годиться, дело1, дорого’й, желать,
знаменательный, известный, интересный, корм, короткий, купить, легко, льгота,
небезразличный, небезынтересный, недопустимый, незабвенный, незабываемый, неизвестный,
неинтересный, непонятный, непосильная, неприятный, неудобный, нужный, обидный, опора,
остаться, отложить, очевидный, памятка, памятный, подарок, поддержка, подойти,
подходящий, понятный, привилегии, привлекательный, привычный, приятный, пройти, даром,
работать, равносильный, радостный, родной, скандальный, скидка, создать, тесный,
трудный, тяжело, узкий, унизительный, хороший, чужой, широкий, ясный"
198,"
 
кому-чему", dat, ," благодаря, благоприятствовать, благотворный, близкий, внимать, вслед,
выгодный, доверие, довлеть, доступный, завидовать, знакомый, импонировать, имя, капут,
милый, молиться, наперерез, нарадоваться, невыгодный, недоверие, недоступный,
незнакомый, ненавистный, непостижимый, обрадоваться, обход, оценка, памятник,
подивиться, подобать, подобный, покорный, покорствовать, полезный, попустительствовать,
потрафить, предстоять, препятствовать, приверженность, приверженный, привычный,
принадлежать, присущий, равный, рад, радеть, радоваться, ровесник, следовать, служить,
сочувствие, способствовать, споспешествовать, сродный, сторож, угодить, угроза,
удивиться, умилиться, цена, чуждый"
199,"
 
чему", gen, ," ...лет, альтернатива, аналогичный, венец, верить, верный, вопреки, воспротивиться,
вред, гарантия, дивиться, доказательство, идентичный, изумиться, конгениальный, конец,
мера, несоответствие, несоразмерный, обратный, обречь, объяснение, огорчаться, одобрение,
опись, отвечать, параллельно, перпендикулярный, поддаваться, подтверждение, подучить,
поражаться, последовать, послушный, потакать, потворствовать, пример, причина,
пропорциональный, противник, противный, равносильный, свидетель, свидетельство,
смеяться, смотр, согласно, созвучный, сообразно, соответственно, соответствие,
соответствовать, сопричастный, соразмерно, соразмерный, счет, тождественный,
удовлетворить, ужаснуться, улыбнуться, учет, хозяин"
200,"

кого-что", acc, ," баллотировать, бойкотировать, будоражить, голосовать, горячить, готовить,
гримировать, давить, дезавуировать, дезориентировать, дискредитировать, дислоцировать,
дисциплинировать, жалеть, жалко, ждать, желать, имитировать, инспирировать, качать,
курировать, лицезреть, мотать, наблюдать, нагнать1, наплодить, напринимать, напустить,
народить, насадить2, насажать, настрелять, невзлюбить, недоловить, недопонять,
недоукомплектовать, обезвредить, обезглавить, обезобразить, обезопасить, обезьянничать,
обессмертить, обзирать, обличать, обсесть, обчистить, ожидать, озирать, ориентировать,
перебазировать, показать, поминать, понаблюдать, понагнать, преследовать, приглядеть,
присмотреть, проведать, промышлять, репетировать, стремить, тяготить, упомянуть,
уследить, усмотреть"
201,"
 
к чему", , ," алчный, аппетит, безотносительный, безучастный, возложить, восприимчивый,
восходить, выносливый, глухой, годный, готовить, готовиться, готовый, дорога, жадность,
жадный, иммунитет, импульс, комментарий, ленивый, малоприспособленный,
невоздержанность, невосприимчивый, негодный, непригодный, неприспособленность,
непричастность, непричастный, неспособный, отзывчивый, охота, охочий,
перпендикулярный, повод, подготовка, подключиться, подстрекать, предрасполагать,
презрение, прелюдия, пренебрежение, привычный, пригодный, приготовить1, придраться,
призвать, причастность, причастный, пролог, путь, располагать, рекомендовать, свести,
сигнал, склонить, склониться, способность, способный, споспешествовать, средства, стимул,
страх, талант, тенденция, толкать, тянуть2, успеть, устойчивость, устойчивый, чуткий,
эпилог"
202,"
о чем", , ," акт, анонс, болтать, возвестить, вспомнить, гадать, говорить, дело2, дискутировать,
договор, дознаться, доложить1, забыть, задуматься, закон, запамятовать, запросить, заявить,
заявление, знать, идея, исследование, лекция, лепетать, молить, молнировать, мыслить,
намекать, небречь, объявить, объявление, осведомленный, отзыв, отчет, отчитаться,
переговорить, петь, писать, поведать, подозрение, подписка, помнить, попросить, правда,
предварить, предупредить, приговор, прочитать, разговаривать, раздумывать, рассказать,
решение, свидетельствовать, сигнал, сигнализировать, слышать, совещание, согласиться,
сообщение, сообщить, спорить, спросить, толковать, трактовать, требование, узнать,
указание, факт, хлопотать1, хлопоты, читать"
203,"
 
что чем", acc ins, ," аргументировать, бередить, возместить, грязнить, декорировать, документировать,
долбить, дополнить, драпировать, забить2, завалить, завершить, завешать, загромоздить,
задвинуть, задернуть, заесть, закидать, заклеить, заключить, заколотить, заколоть,
закрепить, закусить, залепить, залить, заляпать, замазать, замарать, запить, заполнить,
заправить,засадить, засеять, заслонить, заставить, застлать, заткнуть, затоварить,
инкрустировать, искупить, испачкать, испестрить, компенсировать, корректировать, мазать,
мостить, мотивировать, набить, нагрузить, накрыть, напитать, наполнить, начинить2,
облепить, обляпать, обмазать, обмахнуть, обмотать, обмочить, обосновать, обсадить,
обтереть, обтесать, обтянуть, обхватить, обшить, огласить, огородить, оградить, окаймить,
оковать, окупить, омрачить, опахнуть, оплести, оплодотворить, освежить, осветить,
оскоблить, осложнить, отяготить, пачкать, перемазать, перемарать, переполнить, прикрыть,
прорезать, прорубить, просверлить, проткнуть, разбавить, разнообразить, увешать,
увлажнить, увязать, усеять"
204,"
 
в чем", , ," аномалия, бедный, безукоризненный, безупречный, безутешный, беспримерный,
беспринципный, беспристрастный, велик, верный, видеть, виноват, виртуоз, восстановить,
гарантия, грозный, доверять, жалкий, заверить, заметить, замкнуться, запутанность,
изменение, изощряться, инициатива, искусный, искушенный, ковырять, компетентный,
конкурировать, ленивый, лидировать, написать, невежественный, невоздержание,
невоздержанность, независимость, неистощимый, необузданный, неопытный, неповинный,
неподражаемый, непоколебимый, непоследовательный, непреклонный, неприменимый,
неприхотливый, неразборчивый, несамостоятельность, несведущий, несогласие,
несогласованность, несостоятельность, неуверенность, неудачливый, неукротимый,
неумеренность, обвинять, объединить, опыт, опытный, оригинальный, ориентировать,
осведомленный, отказ, отличаться, отсрочка, отстать, отчет, отчитаться, перебой,
подозрение, понимать, попрекнуть, постоянство, потеря, потребность, превосходство,
предприимчивый, преемственность, преимущество, преуспевать, признание, разобраться,
разойтись, разочарован, разувериться, рекорд, самостоятельность, сведущий, сильный,
слиться, смыслить, совершенствоваться, сойтись, соревноваться, состоять, состязание,
специализироваться, стесняться, страшный, трогательный, убавить, уверенность, увернуть,
увязнуть, удачливый, уклончивый, укорять, улучшение, упражняться, усмотреть,
устойчивый, уступить, щедрый, щепетильный, ясность"
205,"
 
на что", , ," абонемент, абонироваться, аванс, акт, акцент, алчный, аннотация, аппетит, арест,
базироваться, бедный, богатый, ведомость, вешать, возразить, выписать, годиться, годный,
горазд, готовиться, готовый, дерзать, дивиться, договор, дублированный, жадность, жадный,
жить, запереть, запрещение, заявление, идти2, использовать, конкурс, купить, ленивый,
лихой, манить, мастер, материал, мобилизация, мобилизовать, монополия, мораторий,
навести, нависнуть, надеяться, наздравствоваться, напроситься, настроиться, нацелиться,
невзыскательный, невоздержанный, негодный, неистощимый, необходимый, неспособный,
неудачливый, нужный, обидеться, облокотиться, обречь, ориентировать, осмелиться,
осужденный, ответить, отзыв, отзывчивый, отложить, охотник, охочий, падкий, пародия,
пенять, поддаваться, подписка, подстрекать, подходящий, покупатель, претендент,
претендовать, претензия, пригодиться, призвать, притязать, проглядеть, раздражаться,
разохотиться, рассердиться, рекомендовать, рецензия, роптать, свести, сетовать, скидка,
склонить, склониться, смеяться, соблазниться, согласиться, согласный, соревноваться,
способность, способный, стандарт, талант, толкать, требование, тугой, тянуть2, ударение,
указание, указать, улыбнуться, упереться, упор, успеть, цена, чуткий, щедрый"
206,"
 
чем", ins, ," баловаться, бахвалиться, бедный, богатый, болеть, бравировать, бредить, бросать,
брызгать, будоражить, варьировать, ведать, велик, вертеть, вершить, виноват, воздать,
восторгаться, вращать, встряхнуть, глубокий, гнушаться, грешить, грозный, датировать,
двигать, дергать, диспонировать, жалкий, жертвовать, жить, заведующий, завтракать,
завязать, загребать, загрузить, закусить, закутаться, запереть, запустить, заражение,
заслушаться, знаменательный, играть, идти1, идти4, изобильный, изойти, изумленный,
исполненный, исчислить, исчисляться, качать, кидать, командование, командовать,
командующий, контрабанда, кончить, кончиться, корить, косить, крутить, курить, лепить,
манить, манкировать, метать, мотать, наесться, напутствовать, начать, небогатый, небречь,
неглижировать, обернуть, обиловать, облечь1, облечь2, обрадованный, обуревать,
объесться, огорчен, одержимость, одержимый, озабоченность, оперировать, оскорбиться,
ответить, отдавать, отдарить, отделаться, отличаться, отозваться, перебирать, перемежать,
перемежаться, плескать, покосить, покрутить, попрекнуть, поражаться, потрясти, потчевать,
пошвырять, преисполненный, преисполнить, преисполниться, премировать, пренебрежение,
преследовать, пресытиться, приметный, промышлять, развевать, раздражаться, разжиться,
различаться, разойтись, располагать, рассерженный, риск, руководитель, руководство,
связать, сильный, симпатичный, служить, соблазниться, совпасть, сойтись, страдать,
страшный, счастливый, сыпать, торг, торговать, трогательный, трудить, трясти, удар,
удивлен, удовлетворить, удостоить, ужинать, укутать, управление, управляющий, хороший,
швырять, шевелить"
207,"
  
чего", gen, ," абонент, авария, аккомпанемент, акт, аннотация, антология, аукцион, благо, вблизи,
ведомость, венец, взаимосвязь, взыскующий, взять, виртуоз, вкусить, властелин, влить,
вместилище, возможность, воспоминание, враг, всыпать, вывалить, выжидать, выпить,
выпросить, выслать, гарантия, глава, дать, держаться, добавить, добрать, добыть, догрузить,
додать, дожидаться, дознаться, доискиваться, доказательство, докупить, долить, доложить2,
дорога, доставить, достать1, достать2, достигнуть, досыпать, дым, жажда, жаждать, жалеть,
жалко, ждать, желать, заглотнуть, задать1, задать2, закон, занять, запасти, запрещение,
запросить, запутанность, заражение, заслуживать, заслушаться, засыпать, захватить,
зачерпнуть, идея, избегать, изволить, изготовить, изменение, инициатива, искать, испечь,
испить, исполненный, исследование, карикатура, катастрофа, командование, комбинация,
компенсация, конец, контрабанда, контраст, контроль, копия, купить, мастер, мера, меры,
монополия, набавить, набелить, набить, наболтать1, наболтать2, набормотать, наборонить,
набрать, набронзировать, набросать, набрызгать, навалить, навалять, наварить, навезти,
навертеть, навешать1, навешать2, навить, навозить, наволочь, наворовать, наворожить,
наворотить, наворочать, наворошить, навыдумать, навязать, навялить, нагатить, нагладить,
наглушить, наглянцевать, нагнать1, нагнать2, нагнать3, нагнать4, наговорить, нагородить,
наготовить, нагофрировать, награбить, награвировать, награнить, награфить, нагрести,
нагромоздить, нагрызть, нагулять, надавать, надарить, надбавить, наддать, наделать,
надергать, надоить, надолбить, надрать, надубить, надуть, наесться, нажарить, нажать1,
нажать2, нажечь, нажить, назанимать, наиграть, наискаться, накапать, накатать, накатить,
накачать, наквасить, накидать, накипятить, наклеить2, наклепать, наковать, накоксовать,
наколдовать, наколотить, наколоть, наколупать, накомкать, накопать1, накопить,
накоптить, накорчевать, накосить, накрасить, накрасть, накрахмалить, накроить, накропать,
накрошить, накрутить, накупить, накурить, накусать, накутать, налакировать, налепить,
налетать, налиновать, налитографировать, налить, наложить1, наломать, налощить,
налудить, налузгать, налущить, наляпать, намазать, намазюкать, намарать, намариновать,
намежевать, намельчить, наменять, намерить, намесить, намести, наметать, намешать,
намолотить, намолоть, наморозить, намочить, намыть, намять, нанести, нанизать, наносить,
наобещать, наострить, наоткрывать, напарить, напасти, напастись, напахать, напаять,
напеть, напечь, напилить, напихать, наплавить, наплескать, наплести, наплющить,
наполировать, наполоскать, наполосовать, наполоть, напороть, напортить, наприниматься,
напророчить, напроситься, напрыскать, напрясть, напутать, наработать, нарассказать,
нарастить, нарвать, нарезать, нарубать, нарубить, нарыть1, нарыть2, насадить1, насбивать,
насверлить, насечь, насеять, насинить, насказать, наскоблить, наскрести, наслать, наслоить,
насмолить, наснимать, насобирать, насовать, насоветовать, насоздавать, насолить,
насортировать, насосать, насочинить, наставить, настегать, настелить, настирать, настлать,
настричь, настрогать, настроить, настрочить, настругать, настряпать, настукать, насудачить,
насулить, насучить, насушить, насшибать, насыпать, натаскать, натащить, натаять,
натворить1, натворить2, натеребить, натереть, натесать, натискать, наткать, натолкать,
натолочь, натомить, натопить, наторговать, наточить1, наточить2, натратить, натрепать,
натрещать, натрусить, натрясти, натушить, натыкать, наудить, наутюжить, нафабриковать,
нафантазировать, нафаршировать, наформовать, нахапать, нахватать, нацедить, начеканить,
начерпать, начертить, начесать, начинить1, начиркать, начистить, нашвырять, нашелушить,
нашептать, нашинковать, нашить, нашпиговать, наштамповать, наштопать, нащелкать,
нащепать, нащипать, наэкономить, невзвидеть, недобрать, недовесить, недовыработать,
недовыручить, недовязать, недоглядеть, недоговорить, недогрузить, недодать, недоделать,
недоедать, недожарить, недожать1, недолить, недомерить, недомолотить, недомолоть,
недооценить, недопаять, недопечь, недоплатить, недополучить, недосеять, недосказать,
недослать, недослышать, недосмотреть, недосолить, недосы’пать, недоучесть, независимость,
необходимость, несамостоятельность, несообразность, несоответствие, несостоятельность,
неумеренность, обход, объесться, объявление, объяснение, одобрение, одолжить, ожидать,
опись, оплата, опыт, остатки, отбавить, отведать, отвезти, отвесить, ответственность,
откусить, отлить, отнести, отпить, отплеснуть, отрезать, отрубить, отсосать, отсрочка,
отсыпать, отхлебнуть, отцедить, отчерпнуть, очевидец, очерк, патриот, перебрать,
передарить, передать1, переесть, перекусить, перекушать, переложить, перепить, пересыпать,
перехватить, плеснуть, подать, подбавить, подбросить2, подвалить, подварить, подвезти,
подготовка, подгрузить, поддать, поджарить, поджидать, подзаработать, подкинуть,
подклеить, подколоть, подкопить, подкупить, подлить, подложить, подмесить, подмешать,
подмотать, поднакопить, поднести, подождать, подпустить, подрезать, подрубить, подрыть,
подсадить, подсеять, подсыпать, подтверждение, подтолочь, подтопить, поесть, пожевать,
позаимствовать, поискать, поклевать, поколоть, покрошить, покупатель, покушать,
понабрать, понабросать, понавезти, понавести, понавешать1, понавешать2, понавозить,
понавязать, понагнать, понагородить, понадавать, понаделать, понакидать, понаклеить,
понанести, понапихать, понаснимать, понасобирать, понасовать, понаставить, понастроить,
понатаскать, понатыкать, понахватать, понашить, понаштопать, попробовать, попросить,
попытать, порезать, порубить, посбавить, посбирать, посбить, посолить, постоянство,
посушить, посы’пать, потеря, потребность, похлебать, почерпать, почерпнуть, правда,
предпосылка, преемственность, презрение, преисполненный, преисполниться, прелюдия,
прибавить, приболтать, прибросить, приварить, привезти, привесить2, приволочь,
приготовить2, пригубить, придать, придерживаться, призанять, признание, прикинуть,
прикопить, прикупить, прилить, пример, примесить, примешать, примотать, принакопить,
принести, принять, припасти, прирезать, присадить, присеять, прислать, присыпать,
притащить, прихватить, причина, пролог, промыслить, просить, противник, процент,
прятаться, путь, раздобыть, разжиться, реестр, рекорд, решение, риск, роспись,
руководитель, руководство, самостоятельность, сварить, свидетель, свидетельство, связь,
сигнал, след, смотр, собрать1, совеститься, сообщение, соотношение, спрашивать, спросить,
стандарт, стимул, стоить, страх, счет, тенденция, требование, требовать, убавить, удар,
удовольствие, удостоить, улучшение, управление, условие, участник, учет, факт, фрагмент,
хватить, хлебнуть, хозяин, хотеть, цена, часть, чаять, черпнуть, чуждый, шум, эпилог,
ясность"
208,"
 
что", acc, ," абстрагировать, акклиматизировать, бактеризовать, баррикадировать, болтать,
брикетировать, бросать, брызгать, варьировать, ведать, вертеть, вершить, взять, вкусить,
влить, возвестить, воздать, восстановить, вотировать, вращать, вспомнить, встряхнуть,
всыпать, вывалить, выжидать, выпить, выпросить, выслать, гладить, глодать, говорить,
горбить, гравировать, датировать, дать, двигать, декларировать, денонсировать,
депонировать, дергать, дискутировать, дистиллировать, дифференцировать, добавить,
добрать, добыть, доверять, догрузить, додать, дозволить, дозировать, доказать, докупить,
долить, доложить1, доложить2, доставить, достать2, досыпать, драматизировать, думать,
жалеть, жертвовать, забаррикадировать, забыть, заверить, завязать, заглотнуть, загребать,
загрузить, задать1, задать2, задеть, замедлить, занять, запамятовать, запасти, заплатить,
заповедать, запросить, запустить, заслужить, засыпать, затоварить, захватить, зацепить,
зачерпнуть, заявить, знаменовать, знать, изведать, изготовить, импровизировать,
инструментовать, инсценировать, интегрировать, интенсифицировать, искать, исключая,
испечь, испить, испросить, кидать, ковырять, кодировать, кончить, косить, крутить, купить,
курить, леденить, лепетать, лепить, лить, лузгать, лущить, маркировать, матрицировать,
межевать, мездрить, мельчить, метать, молнировать, мыслить, набавить, набелить, набить,
наболтать1, наболтать2, набормотать, наборонить, набрать, набронзировать, набросать,
набрызгать, навалить, навалять, наварить, навезти, навертеть, навести, навешать1,
навешать2, навить, навозить, наволочь, наворовать, наворожить, наворотить, наворочать,
наворошить, навыдумать, навязать, навялить, нагатить, нагладить, наглушить,
наглянцевать, нагнать2, нагнать3, нагнать4, наговорить, нагородить, наготовить,
нагофрировать, награбить, награвировать, награнить, награфить, нагрести, нагромоздить,
нагрызть, нагулять, надавать, надарить, надбавить, наддать, наделать, надергать, надеть,
надоить, надолбить, надрать, надубить, надуть, нажарить, нажать1, нажать2, нажечь,
нажить, назанимать, назвать2, наиграть, накапать, накатать, накатить, накачать, наквасить,
накидать, накипятить, наклеить2, наклепать, наковать, накоксовать, наколдовать,
наколотить, наколоть, наколупать, накомкать, накопать1, накопать2, накопить, накоптить,
накорчевать, накосить, накрасить, накрасть, накрахмалить, накроить, накропать,
накрошить, накрутить, накупить, накурить, накусать, накутать, налакировать, налепить,
налетать, налиновать, налитографировать, налить, наловить, наложить, 1, наломать,
налощить, налудить, налузгать, налущить, наляпать, намазать, намазюкать, намарать,
намариновать, намежевать, намельчить, наменять, намерить, намесить, намести, наметать,
намешать, намолотить, намолоть, наморить, наморозить, намочить, намыть, намять, нанести,
нанизать, наносить, наобещать, наострить, наоткрывать, напарить, напасти, напахать,
напаять, напеть, напечь, напилить, напихать, наплавить, наплескать, наплести, наплющить,
наполировать, наполоскать, наполосовать, наполоть, напомнить, напороть, напортить,
напророчить, напрыскать, напрясть, напутать, наработать, нарассказать, нарастить,
нарвать, нарезать, нарубать, нарубить, нарыть1, нарыть2, насадить1, насбивать, насверлить,
населить, насечь, насеять, насинить, насказать, наскоблить, наскрести, наслать, наследовать,
наслоить, насмолить, наснимать, насобирать, насовать, насоветовать, насоздавать, насолить,
насортировать, насосать, насочинить, наставить, настегать, настелить, настирать, настлать,
настричь, настрогать, настроить, настрочить, настругать, настряпать, настукать, насудачить,
насулить, насучить, насушить, насшибать, насыпать, натаскать, натащить, натаять,
натворить1, натворить,2, натеребить, натереть, натесать, натискать, наткать, натолкать,
натолочь, натомить, натопить, наторговать, наточить1, наточить2, натратить, натрепать,
натрещать, натрусить, натрясти, натушить, натыкать, наудить, наутюжить, нафабриковать,
нафантазировать, нафаршировать, наформовать, нахапать, нахватать, нацедить, начеканить,
начерпать, начертить, начесать, начинить1, начиркать, начистить, нашвырять, нашелушить,
нашептать, нашинковать, нашить, нашпиговать, наштамповать, наштопать, нащелкать,
нащепать, нащипать, наэкономить, недобрать, недоварить, недовернуть, недовесить,
недовыполнить, недовыработать, недовыручить, недовязать, недоглядеть, недоговорить,
недогрузить, недодать, недоделать, недодержать, недожарить, недожать1, недожать2,
недожечь, недоиспользовать, недолить, недомерить, недомолотить, недомолоть, недооценить,
недопаять, недопечь, недописать, недоплатить, недополучить, недоработать, недосеять,
недосказать, недослать, недослышать, недосмотреть, недосолить, недосы’пать, недотянуть,
недоучесть, обежать, обезболить, обезводить, обезгазить, обезжирить, обеззаразить,
обезлесить, обезлиствить, обезлюдить, обесплодить, обеспылить, обессмыслить, обессолить,
обесточить, обесцветить, обесценить, облечь2, обмежевать, обойти, объехать, объявить,
одолжить, окультурить, олицетворить, оплатить, основать, отбавить, отведать, отвезти,
отвесить, отдавать, откусить, отлить, отмечать, отнести, отпить, отплеснуть, отрезать,
отрубить, отсосать, отсыпать, оттаять, отхлебнуть, отцедить, отчерпнуть, парировать,
патентовать, патрулировать, перебежать, перебирать, перебрать, перевалить, переговорить,
передарить, передать1, переехать, перейти, перекусить, перелететь, переложить, перемахнуть,
переплыть, переползти, перепрыгнуть, перерасти, перескочить, переступить, пересыпать,
перехватить, перешагнуть, петь, писать, плескать, плеснуть, поведать, подать, подбавить,
подбросить2, подвалить, подварить, подвезти, подгрузить, поджарить, подзаработать,
подкинуть, подклеить, подколоть, подкопить, подкупить, подлить, подложить, подмесить,
подмешать, подмотать, поднакопить, поднести, подпустить, подрезать, подрубить, подрыть,
подсадить, подсеять, подсыпать, подтолочь, подтопить, подучить, подчеркивать, поесть,
пожевать, позаимствовать, поискать, поклевать, поколоть, покосить, покрошить, покрутить,
покушать, помнить, понабрать, понабросать, понавезти, понавести, понавешать1,
понавешать2, понавозить, понавязать, понагородить, понадавать, понаделать, понакидать,
понаклеить, понанести, понапихать, понаснимать, понасобирать, понасовать, понаставить,
понастроить, понатаскать, понатыкать, понахватать, понашить, понаштопать, понимать,
попомнить, попробовать, попросить, попытать, порезать, порицать, порубить, посбавить,
посбирать, посбить, посолить, посушить, посы’пать, потрясти, похлебать, почерпать,
почерпнуть, пошвырять, превозмочь, предварить, предвещать, предвосхитить,
предначертать, предотвратить, предугадать, предупредить, презреть, преодолеть, претерпеть,
прибавить, приберегать, приболтать, прибросить, приварить, привезти, привесить2,
приволочь, приготовить1, приготовить2, пригубить, придать, призанять, прикинуть,
прикопить, прикупить, прилить, примесить, примешать, примотать, принакопить, принести,
принять, припасти, прирезать, присадить, присеять, прислать, присыпать, притащить,
прихватить, проведать, проглядеть, проехать, пройти, промыслить, просить, проследить,
прочитать, развевать, разграничить, раздобыть, различить, рассказать, растаять, сварить,
свидетельствовать, связать, сигнализировать, слышать, смотреть, собрать1, сообщить,
спрашивать, спросить, стоить, сыпать, толковать, торговать, тормозить, трактовать,
требовать, трудить, трясти, тянуть1, убавить, удовлетворить, узнать, указать, уплатить,
услышать, утверждать, хватить, хлебнуть, хлопать, хотеть, черпнуть, читать, швырять,
шевелить



"
209,кому, dat, ," амнистия, ассистировать, аудиенция, безразличный, благо:, благоволить, благодарный,
важно, вдогонку, верный, вредный, годиться, длинный, долг, дорого’й, друг, желать,
заблагорассудится, записать, идти3, известный, интервью, интересный, каюк, консультация,
корм, короткий, купить, лгать, легко, льгота, мигать, мирволить, налгать, наследовать,
небезразличный, небезызвестный, небезынтересный, невидимый, неизвестный, неинтересный,
некролог, ненужный, необходимый, неповадно, непонятный, неприятный, несдобровать,
неугодный, неудобный, нужный, обелиск, обидный, опасный, опора, остаться, отвезти,
открыться, отложить, отнести, отослать, отправить, охота, памятка, памятный, пасовать2,
пенять, писать, письмо, подарок, поддержка, подойти, подотчетный, подходить, подходящий,
понятный, послание, потакать, преемник, прекословить, претить, привезти, привилегии,
пригодиться, признательный, принести, приятный, пройти, даром, протежировать, родной,
родня, сватать, свойственный, симпатичный, скидка, служба, тесный, трудный, тяжело,
удобно, удобный, узкий, усвоить, хвастаться, хороший, чужой, широкий, ясный"
210,кого с чем, acc, ,поздравить
211,кого-л. что-л где, acc, ,выгрузить
